KL,KL_compressed,MAE,MAE_compressed,testcase
0.07699861581387069,,0.025221338495612144,,1186
0.10338480721752363,,0.06818322092294693,,1192
0.0738928731075692,,0.06409626454114914,,1179
0.08568577507473485,,0.048567239195108414,,1145
0.07705603938040895,,0.025462372228503227,,1151
